Destination;Group;Rate
AEROMOBILE GSM AIRCRAFT;;6.0625
AFGHANISTAN;;0.2110
AFGHANISTAN GSM;;0.1500
AFGHANISTAN GSM AWCC;;0.1063
AFGHANISTAN GSM ETIS;;0.0749
AFGHANISTAN GSM MTN;;0.175
AFGHANISTAN GSM ROSH;;0.1596
ALBANIA;;0.1413
ALBANIA AMC;;0.1413
ALBANIA GSM AMC;;0.2874
ALBANIA GSM EAGLE;;0.3359
ALBANIA GSM PLUS;;0.3525
ALBANIA GSM VODAFONE;;0.3125
ALBANIA OLO;;0.1413
ALGERIA;;0.0625
ALGERIA ALGER;;0.0625
ALGERIA GSM;;0.5
ALGERIA GSM OOREDOO;;0.5625
ALGERIA GSM ORASCOM;;0.425
AMERICAN SAMOA;;2.5
ANDORRA;;0.0107
ANDORRA GSM;;0.2125
ANGOLA;;0.05
ANGOLA GSM;;0.1381
ANGOLA GSM UNITEL;;0.1313
ANGUILLA;;0.1834
ANGUILLA GSM;;0.375
ANTARCTICA;;2.5
ANTIGUA AND BARBUDA;;0.18
ANTIGUA AND BARBUDA GSM;;0.2029
ARGENTINA;;0.0166
ARGENTINA B. AIRES;;0.0021
ARGENTINA CITIES;;0.005
ARGENTINA GSM;;0.0523
ARMENIA;;0.1734
ARMENIA GSM;;0.1464
ARMENIA GSM ARMENTEL;;0.201
ARMENIA GSM ORANGE;;0.1922
ARMENIA GSM VIVACELL;;0.1776
ARMENIA YEREVAN;;0.1504
ARUBA;;0.076
ARUBA GSM;;0.1795
ASCENSION;;2.5
AUSTRALIA;;0.0081
AUSTRALIA CITIES;;0.0084
AUSTRALIA GSM;;0.0278
AUSTRALIA GSM OPTUS;;0.0275
AUSTRALIA GSM TELSTR;;0.0275
AUSTRALIA GSM VODA;;0.0275
AUSTRALIA PRS;;0.0275
AUSTRIA;;0.1063
AUSTRIA;ATZ1;0.0031
AUSTRIA;ATZ2;0.0106
AUSTRIA;ATZ3;0.0194
AUSTRIA GSM;;0.2188
AUSTRIA GSM;ATZ1;0.01
AUSTRIA GSM;ATZ2;0.0563
AUSTRIA GSM;ATZ3;0.0938
AUSTRIA GSM HI3G;;0.2188
AUSTRIA GSM HI3G;ATZ1;0.01
AUSTRIA GSM HI3G;ATZ2;0.0563
AUSTRIA GSM HI3G;ATZ3;0.0938
AUSTRIA GSM MOBILKOM;;0.2188
AUSTRIA GSM MOBILKOM;ATZ1;0.01
AUSTRIA GSM MOBILKOM;ATZ2;0.0563
AUSTRIA GSM MOBILKOM;ATZ3;0.0938
AUSTRIA GSM T-MOBILE;;0.2188
AUSTRIA GSM T-MOBILE;ATZ1;0.01
AUSTRIA GSM T-MOBILE;ATZ2;0.0563
AUSTRIA GSM T-MOBILE;ATZ3;0.0938
AUSTRIA PRS;;0.225
AZERBAIJAN;;0.1715
AZERBAIJAN GSM;;0.2688
AZERBAIJAN GSM CATEL;;0.2825
BAHAMAS;;0.0766
BAHRAIN;;0.0979
BAHRAIN GSM;;0.1084
BANGLADESH;;0.0267
BANGLADESH GSM;;0.0213
BARBADOS;;0.1446
BARBADOS GSM;;0.1818
BELARUS;;0.2646
BELARUS GSM;;0.3021
BELGIUM;;0.0813
BELGIUM;BEZ1;0.0144
BELGIUM GSM;;0.2999
BELGIUM GSM BASE;;0.2831
BELGIUM GSM BASE;BM3;0.0123
BELGIUM GSM LYCAMOBILE;;0.3125
BELGIUM GSM LYCAMOBILE;EED;0.0144
BELGIUM GSM MOBISTAR;;0.1588
BELGIUM GSM MOBISTAR;BM2;0.0122
BELGIUM GSM PROXIMUS;;0.243
BELGIUM GSM PROXIMUS;BM1;0.0123
BELGIUM GSM TELENET;;0.2831
BELGIUM GSM TELENET;BM3;0.0123
BELGIUM PRS;;0.0413
BELIZE;;0.1826
BELIZE GSM;;0.1953
BENIN;;0.2277
BENIN GSM;;0.2963
BENIN GSM BBCOM;;0.35
BENIN GSM GLOBACOM;;0.2504
BENIN GSM MTN;;0.2875
BENIN GSM TELECEL;;0.2937
BERMUDA;;0.029
BERMUDA GSM;;0.0335
BHUTAN;;0.0583
BOLIVIA;;0.1461
BOLIVIA CITIES;;0.0876
BOLIVIA GSM;;0.1545
BOLIVIA GSM ENTEL;;0.1509
BOLIVIA RURAL;;0.101
BOSNIA;;0.1176
BOSNIA GSM;;0.2888
BOSNIA GSM BIH;;0.2882
BOSNIA GSM MTEL;;0.2924
BOSNIA SRPSKA;;0.1325
BOTSWANA;;0.0806
BOTSWANA GSM;;0.1173
BOTSWANA GSM MASCOM;;0.1615
BOTSWANA GSM ORANGE;;0.2111
BRAZIL;;0.003
BRAZIL BEL HORIZONTE;;0.0019
BRAZIL GSM;;0.0248
BRAZIL OTHERS CITIES;;0.0019
BRAZIL RIO JANEIRO;;0.0019
BRAZIL SAO PAULO;;0.0019
BRUNEI;;0.0281
BRUNEI GSM;;0.0268
BULGARIA;;0.075
BULGARIA;EED;0.0044
BULGARIA;USA1;0.075
BULGARIA GSM;;0.3125
BULGARIA GSM;EED;0.0131
BULGARIA GSM;USA1;0.019
BULGARIA GSM GLOBUL;;0.325
BULGARIA GSM GLOBUL;EED;0.0375
BULGARIA GSM GLOBUL;USA1;0.0375
BULGARIA GSM MOBITEL;;0.2449
BULGARIA GSM MOBITEL;EED;0.0375
BULGARIA GSM MOBITEL;USA1;0.0375
BULGARIA GSM VIVACOM;;0.3125
BULGARIA GSM VIVACOM;EED;0.0375
BULGARIA GSM VIVACOM;USA1;0.0375
BULGARIA OLO;;0.075
BULGARIA OLO;EED;0.0044
BULGARIA OLO;USA1;0.075
BURKINA FASO;;0.25
BURKINA FASO GSM;;0.3423
BURKINA FASO GSM AIRTEL;;0.3075
BURKINA FASO GSM TELECEL;;0.2963
BURUNDI;;0.477
BURUNDI GSM;;0.4402
CAMBODIA;;0.0503
CAMBODIA GSM;;0.0402
CAMBODIA GSM METFONE;;0.0461
CAMBODIA METFONE;;0.0507
CAMEROON;;0.2085
CAMEROON GSM;;0.2715
CAMEROON GSM MTN;;0.3013
CAMEROON GSM ORANGE;;0.315
CAMEROON PRS;;0.0788
CANADA;;0.0013
CANADA NWT;;0.125
CAPE VERDE;;0.1208
CAPE VERDE GSM;;0.225
CAPE VERDE GSM CVM;;0.2194
CAPE VERDE TLC;;0.1163
CAYMAN ISLANDS;;0.125
CENTRAL AFR GSM TELE;;0.5075
CENTRAL AFR REP GSM;;0.3063
CENTRAL AFRICAN REP;;0.4256
CHAD;;0.4838
CHAD GSM;;0.4675
CHAD GSM AIRTEL;;0.525
CHILE;;0.0079
CHILE EASTER ISLAND;;0.0079
CHILE GSM;;0.0167
CHILE PRS;;0.0079
CHILE RUR;;0.0128
CHILE SANTIAGO;;0.007
CHILE TELCOY;;0.0079
CHINA;;0.0625
CHINA GSM;;0.0625
COLOMBIA;;0.0215
COLOMBIA CITIES;;0.02
COLOMBIA GSM;;0.0188
COLOMBIA GSM CLARO;;0.0173
COLOMBIA GSM MOVISTAR;;0.0188
COLOMBIA GSM OLA;;0.0197
COMOROS;;0.3388
COMOROS GSM;;0.4263
COMOROS GSM TELMA;;0.475
COMOROS PRS;;0.3123
CONGO;;0.3371
CONGO GSM;;0.5013
CONGO GSM AIRTEL;;0.475
CONGO GSM AZUR;;0.438
CONGO GSM MTN;;0.3562
COOK ISLANDS;;1.25
COSTA RICA;;0.0191
COSTA RICA GSM;;0.068
CROATIA;;0.1304
CROATIA;PLZ1;0.0086
CROATIA GSM;;0.3844
CROATIA GSM;PLZ1;0.0525
CROATIA GSM VIPNET;;0.3844
CROATIA GSM VIPNET;PLZ1;0.0525
CUBA;;0.6137
CYPRUS;;0.0413
CYPRUS GSM;;0.0795
CYPRUS NORTH;;0.0371
CYPRUS NORTH GSM;;0.1101
CYPRUS PRS;;0.1188
CZECH REP GSM;;0.0665
CZECH REP GSM;EEA;0.0125
CZECH REP GSM O2;;0.0665
CZECH REP GSM O2;EEA;0.0125
CZECH REP GSM T-MOB;;0.0665
CZECH REP GSM T-MOB;EEA;0.0125
CZECH REP GSM VODA;;0.0665
CZECH REP GSM VODA;EEA;0.0125
CZECH REPUBLIC;;0.05
CZECH REPUBLIC;EEA;0.014
CZECH REPUBLIC PRS;;0.0537
DEM REP CONGO GSM AFRICELL;;0.3013
DEM REP CONGO GSM CE;;0.3106
DEM REP CONGO GSM ORA;;0.2794
DEM REP CONGO GSM TI;;0.2794
DEM REP CONGO GSM VO;;0.2821
DEM REP OF CONGO;;0.2225
DEM REP OF CONGO GSM;;0.385
DEM REP OF CONGO PRS;;2.5
DENMARK;;0.005
DENMARK GSM;;0.008
DENMARK GSM HI3G;;0.0076
DENMARK GSM TDC;;0.0076
DENMARK GSM TELENOR;;0.008
DENMARK GSM TELIA;;0.008
DIEGO GARCIA;;2.5
DJIBOUTI;;0.2506
DJIBOUTI GSM;;0.2386
DOMINICA;;0.1981
DOMINICA GSM;;0.1981
DOMINICAN REP;;0.0389
DOMINICAN REP GSM;;0.085
DOMINICAN REP GSM ORANGE;;0.083
DOMINICAN REP GSM VIVA;;0.0961
DOMINICAN REP LOCAL OTHER;;0.0304
DOMINICAN REP LOCAL VIVA;;0.0284
DOMINICAN REP NATIONAL VIVA;;0.0284
EAST TIMOR;;0.2433
EAST TIMOR GSM OTHER;;0.5137
EAST TIMOR GSM TELKOMCEL;;0.65
EAST TIMOR GSM TIMOR TELECOM;;0.5137
ECUADOR;;0.1043
ECUADOR GSM;;0.1949
ECUADOR GSM MOVISTAR;;0.1528
ECUADOR GSM PORTA;;0.1526
EGYPT;;0.0875
EGYPT GSM;;0.1161
EGYPT GSM ETISALAT;;0.0846
EGYPT GSM ORANGE;;0.1625
EGYPT GSM VODAFONE;;0.1625
EL SALVADOR;;0.1631
EL SALVADOR GSM;;0.1141
EL SALVADOR GSM DIGI;;0.102
ELLIPSO;;4.375
EMSAT;;3.75
EQUATORIAL GUINEA;;0.3571
EQUATORIAL GUINEA GSM;;0.4106
ERITREA;;0.1781
ESTONIA;;0.0088
ESTONIA GSM;;0.3695
ESTONIA GSM;EEN;0.0156
ESTONIA GSM ELISA;;0.3132
ESTONIA GSM ELISA;EEN;0.0156
ESTONIA GSM EMT;;0.3225
ESTONIA GSM EMT;EEN;0.0156
ESTONIA GSM TELE2;;0.3313
ESTONIA GSM TELE2;EEN;0.0156
ESTONIA PRS;;2.5
ETHIOPIA;;0.1996
ETHIOPIA ADDIS ABEBA;;0.1055
ETHIOPIA GSM;;0.2013
FALKLAND ISLANDS;;2.5
FAROE ISLANDS;;0.025
FAROE ISLANDS GSM;;0.025
FIJI;;0.2261
FINLAND;;0.3211
FINLAND;FI1;0.0363
FINLAND GSM;;0.2941
FINLAND GSM;FI1;0.0164
FINLAND GSM ELISA;;0.3116
FINLAND GSM ELISA;FI1;0.0164
FINLAND GSM SONERA;;0.3116
FINLAND GSM SONERA;FI1;0.0164
FINLAND PRS;;0.3283
FRENCH GUIANA;;0.0048
FRENCH GUIANA;EEA;0.0023
FRENCH GUIANA GSM;;0.07
FRENCH GUIANA GSM;EEA;0.0105
FRENCH GUIANA GSM DIGICEL;;0.0601
FRENCH GUIANA GSM DIGICEL;EEA;0.0105
FRENCH GUIANA GSM ONLY;;0.07
FRENCH GUIANA GSM ONLY;EEA;0.0105
FRENCH GUIANA GSM ORANGE;;0.07
FRENCH GUIANA GSM ORANGE;EEA;0.0105
FRENCH POLYNESIA;;0.1556
FRENCH POLYNESIA GSM;;0.2021
GABON;;0.3525
GABON GSM AIRTEL;;0.365
GABON GSM AZUR;;0.3375
GABON GSM LIBERTIS;;0.3438
GABON GSM TELECEL;;0.3534
GAMBIA;;0.4796
GAMBIA GSM;;0.4959
GDSP VODAFONE M2M;;0.0088
GEORGIA;;0.1438
GEORGIA GSM;;0.2163
GEORGIA TBILISI;;0.1438
GERMANY;;0.003
GERMANY GSM;;0.015
GERMANY GSM E PLUS;;0.0134
GERMANY GSM E PLUS;SERB;0.2013
GERMANY GSM LYCAMOBILE;;0.0134
GERMANY GSM O2;;0.0134
GERMANY GSM O2;DEZ1;0.2013
GERMANY GSM TMOBILE;;0.0134
GERMANY GSM VODAFONE;;0.0134
GERMANY PRS;;0.003
GHANA;;0.2252
GHANA GSM;;0.2088
GHANA GSM MTN;;0.2433
GHANA GSM TIGO;;0.204
GHANA GSM VODAFONE;;0.2042
GIBRALTAR;;0.0275
GIBRALTAR GSM;;0.1224
GREECE;;0.0299
GREECE;EEA;0.0049
GREECE GSM COSMOTE;;0.0738
GREECE GSM COSMOTE;EEA;0.0185
GREECE GSM VODAFONE;;0.0738
GREECE GSM VODAFONE;EEA;0.0185
GREECE GSM WIND;;0.0738
GREECE GSM WIND;EEA;0.0185
GREENLAND;;0.0876
GREENLAND GSM;;0.05
GRENADA;;0.2125
GUADELOUPE;;0.0047
GUADELOUPE;EEA;0.0023
GUADELOUPE GSM;;0.07
GUADELOUPE GSM;EEA;0.0105
GUADELOUPE GSM DIGI;;0.07
GUADELOUPE GSM DIGI;EEA;0.0105
GUADELOUPE GSM ONLY;;0.07
GUADELOUPE GSM ONLY;EEA;0.0105
GUADELOUPE GSM ORA;;0.07
GUADELOUPE GSM ORA;EEA;0.0105
GUAM;;0.125
GUATEMALA;;0.1033
GUATEMALA GSM;;0.1098
GUINEA BISSAU;;0.2125
GUINEA BISSAU GSM;;0.458
GUINEA BISSAU GSM GUINETEL;;0.4319
GUINEA BISSAU GSM MTN;;0.4609
GUINEA REP;;0.3018
GUINEA REP GSM;;0.3574
GUINEA REP GSM CLCOM;;0.2985
GUINEA REP GSM MTN;;0.3138
GUINEA REP GSM ORA;;0.5164
GUINEA REP GSM TECEL;;0.342
GUYANA;;0.1955
GUYANA GSM;;0.1945
GUYANA GSM DIGICEL;;0.1002
HAITI;;0.25
HAITI GSM;;1.25
HAITI GSM DIGICEL;;1.25
HAITI GSM NATCOM;;1.25
HONDURAS;;0.1033
HONDURAS GSM;;0.1359
HONG KONG;;0.0125
HONG KONG GSM;;0.0231
HUNGARY;;0.0061
HUNGARY GSM;;0.05
HUNGARY GSM;PLZ1;0.0131
HUNGARY GSM TELENOR;;0.0488
HUNGARY GSM TELENOR;PLZ1;0.0131
HUNGARY GSM TMOBILE;;0.0313
HUNGARY GSM TMOBILE;PLZ1;0.0131
HUNGARY GSM VODAFONE;;0.05
HUNGARY GSM VODAFONE;PLZ1;0.0131
ICELAND;;0.0131
ICELAND GSM;;0.0231
INDIA;;0.0231
INDIA CITIES;;0.0199
INDIA GSM;;0.0199
INDIA GSM BSNL;;0.0199
INDIA GSM RELIANCE;;0.0199
INDIA GSM VODAFONE;;0.0199
INDONESIA;;0.0251
INDONESIA GSM;;0.0321
INDONESIA JAKARTA;;0.0219
INDONESIA SURABAYA;;0.0193
INTERNATIONAL NETWORK ORANGE M2M;;0.0578
IRAN;;0.1694
IRAN GSM;;0.1669
IRAN TEHERAN;;0.0856
IRAQ;;0.1104
IRAQ GSM;;0.2
IRAQ GSM ASIACELL;;0.2
IRAQ GSM ZAIN;;0.2
IRELAND;;0.0044
IRELAND GSM;;0.0161
IRELAND GSM HI3G;;0.0114
IRELAND GSM METEOR;;0.0114
IRELAND GSM O2;;0.0114
IRELAND GSM VODAFONE;;0.0113
IRELAND PRS;;0.0625
IRIDIUM;;4.0625
ISRAEL;;0.0034
ISRAEL GSM;;0.0175
ISRAEL GSM PALTEL;;0.128
ISRAEL PALTEL;;0.1329
ITALY;;0.0015
ITALY GSM;;0.215
ITALY GSM H3G;;0.225
ITALY GSM H3G;HEUR;0.0123
ITALY GSM H3G;HNZC;0.1125
ITALY GSM H3G;HZNB;0.0375
ITALY GSM TIM;;0.0748
ITALY GSM TIM;TIAC;0.2123
ITALY GSM TIM;TRMT;0.0123
ITALY GSM VODAFONE;;0.0788
ITALY GSM VODAFONE;AL1;0.2275
ITALY GSM VODAFONE;VRMT;0.0123
ITALY GSM WIND;;0.075
ITALY GSM WIND;ITZ1;0.15
ITALY GSM WIND;WIAC;0.225
ITALY GSM WIND;WRMT;0.0123
IVORY COAST;;0.2836
IVORY COAST GSM KOZ;;0.2766
IVORY COAST GSM MOOV;;0.3163
IVORY COAST GSM MTN;;0.3125
IVORY COAST GSM ORA;;0.3375
IVORY COAST GSM OTHERS;;0.2853
IVORY COAST PRS;;1.25
JAMAICA;;0.1593
JAMAICA GSM;;0.1891
JAMAICA GSM DIGICEL;;0.1776
JAPAN;;0.0111
JAPAN GSM;;0.0332
JAPAN IP PHONE;;0.0289
JORDAN;;0.1375
JORDAN GSM;;0.1738
JORDAN GSM FASTLINK;;0.1738
KAZAKHSTAN;;0.0388
KAZAKHSTAN ALMATY;;0.0238
KAZAKHSTAN GSM;;0.0825
KENYA;;0.1603
KENYA GSM;;0.0974
KENYA GSM AIRTEL;;0.2145
KENYA GSM ORANGE;;0.1604
KENYA GSM SAFARICOM;;0.0938
KIRIBATI;;1.25
KOSOVO;;0.4475
KOSOVO GSM;;0.3432
KUWAIT;;0.0685
KUWAIT GSM;;0.0685
KYRGYZSTAN;;0.1386
KYRGYZSTAN GSM;;0.1756
LAOS;;0.0574
LAOS GSM;;0.075
LATVIA;;0.4343
LATVIA;EEA;0.4063
LATVIA GSM;;0.3063
LATVIA GSM;EEA;0.015
LATVIA GSM BITE;;0.3063
LATVIA GSM BITE;EEA;0.015
LATVIA GSM LMT;;0.3073
LATVIA GSM LMT;EEA;0.015
LATVIA GSM TELE2;;0.3059
LATVIA GSM TELE2;EEA;0.015
LATVIA OLO;;0.1731
LATVIA OLO;EEA;0.1731
LATVIA PRS;;0.625
LEBANON;;0.0755
LEBANON GSM;;0.1482
LEBANON GSM MTC;;0.1442
LESOTHO;;0.35
LESOTHO GSM;;0.3425
LIBERIA;;0.3679
LIBERIA GSM;;0.3601
LIBERIA GSM MTN;;0.3155
LIBYA;;0.175
LIBYA GSM;;0.2313
LIECHTENSTEIN;;0.1038
LIECHTENSTEIN GSM;;0.0519
LITHUANIA;;0.1269
LITHUANIA;EEA;0.0243
LITHUANIA GSM;;0.3874
LITHUANIA GSM;EEA;0.4234
LITHUANIA GSM BITE;;0.3163
LITHUANIA GSM BITE;EEA;0.015
LITHUANIA GSM OMNI;;0.3225
LITHUANIA GSM OMNI;EEA;0.015
LITHUANIA OLO;;0.1244
LITHUANIA OLO;EEA;0.0144
LITHUANIA PRS;;2.5
LUXEMBOURG;;0.1538
LUXEMBOURG;LUZ1;0.0038
LUXEMBOURG;LUZ2;0.0755
LUXEMBOURG GSM;;0.1638
LUXEMBOURG GSM;LUZ1;0.0137
LUXEMBOURG GSM;LUZ2;0.0784
LUXEMBOURG GSM ORANGE;;0.1638
LUXEMBOURG GSM ORANGE;LUZ1;0.0137
LUXEMBOURG GSM ORANGE;LUZ2;0.0815
LUXEMBOURG GSM POST LUXEMBOURG;;0.1638
LUXEMBOURG GSM POST LUXEMBOURG;LUZ1;0.0137
LUXEMBOURG GSM POST LUXEMBOURG;LUZ2;0.07
LUXEMBOURG GSM TANGO;;0.1638
LUXEMBOURG GSM TANGO;LUZ1;0.0137
LUXEMBOURG GSM TANGO;LUZ2;0.0827
LUXEMBOURG PRS;;0.1538
MACAO;;0.0533
MACAO GSM;;0.0821
MACEDONIA;;0.1324
MACEDONIA GSM;;0.315
MADAGASCAR;;0.5063
MADAGASCAR GSM;;0.5009
MADAGASCAR GSM AIRTEL;;0.6216
MADAGASCAR GSM ORA;;0.585
MADAGASCAR GSM TELMA;;0.5
MADAGASCAR PRS;;2.5
MALAWI;;0.3293
MALAWI GSM;;0.202
MALAYSIA;;0.0103
MALAYSIA GSM;;0.0114
MALDIVE ISLANDS;;0.6713
MALDIVE ISLANDS GSM;;0.6883
MALI;;0.1765
MALI GSM ATEL;;0.3506
MALI GSM MALITEL;;0.3349
MALI GSM ORANGE;;0.3296
MALTA;;0.009
MALTA GSM;;0.0087
MARITIME COMMUNICATIONS PARTNER;;1.415
MARSHALL ISLANDS;;2.5
MARTINIQUE;;0.0047
MARTINIQUE;EEA;0.0023
MARTINIQUE GSM;;0.07
MARTINIQUE GSM;EEA;0.0105
MARTINIQUE GSM DIGI;;0.07
MARTINIQUE GSM DIGI;EEA;0.0105
MARTINIQUE GSM ONLY;;0.07
MARTINIQUE GSM ONLY;EEA;0.0105
MARTINIQUE GSM ORA;;0.07
MARTINIQUE GSM ORA;EEA;0.0105
MAURITANIA;;0.425
MAURITANIA GSM CHINGUITEL;;0.4613
MAURITANIA GSM MATEL;;0.5538
MAURITANIA GSM MAURITEL;;0.4375
MAURITIUS;;0.0738
MAURITIUS GSM;;0.0737
MAYOTTE GSM ORANGE;;0.07
MAYOTTE GSM ORANGE;EEA;0.0105
MAYOTTE GSM OTM;;0.07
MAYOTTE GSM OTM;EEA;0.0105
MAYOTTE ISLAND;;0.0048
MAYOTTE ISLAND;EEA;0.0023
MAYOTTE ISLAND GSM;;0.07
MAYOTTE ISLAND GSM;EEA;0.0105
MAYOTTE ISLAND GSM SRR;;0.07
MAYOTTE ISLAND GSM SRR;EEA;0.0105
MEXICO;;0.125
MEXICO GSM;;0.25
MEXICO GSM ZONE2;;0.125
MEXICO GSM ZONE3;;0.125
MEXICO ZONE2;;0.125
MEXICO ZONE3;;0.125
MICRONESIA;;0.458
MOLDOVA;;0.2699
MOLDOVA GSM;;0.2625
MOLDOVA GSM MOLDCELL;;0.2637
MOLDOVA GSM ORANGE;;0.2088
MOLDOVA PRIDNESTROVI;;0.1788
MONACO;;0.0562
MONACO GSM;;0.25
MONGOLIA;;0.0173
MONGOLIA GSM;;0.0122
MONTENEGRO;;0.1374
MONTENEGRO GSM;;0.3321
MONTSERRAT;;0.2409
MOROCCO;;0.0125
MOROCCO GLOBALSTAR;;0.625
MOROCCO GSM;;0.4288
MOROCCO GSM IAM;;0.4313
MOROCCO GSM MEDITEL;;0.4313
MOROCCO GSM WANA FULL MOBILITY;;0.4299
MOROCCO GSM WANA REST MOBILITY;;0.25
MOROCCO IAM;;0.0125
MOROCCO MEDITEL;;0.1388
MOROCCO WANA;;0.0775
MOZAMBIQUE;;0.0409
MOZAMBIQUE GSM;;0.225
MOZAMBIQUE GSM MCEL;;0.1588
MOZAMBIQUE GSM VODA;;0.2238
MYANMAR;;0.0495
MYANMAR GSM OOREDOO;;0.2388
NAMIBIA;;0.049
NAMIBIA GSM LEO;;0.0363
NAMIBIA GSM MTC;;0.0352
NAURU;;1.25
NEPAL;;0.1288
NEPAL GSM;;0.0936
NEPAL GSM SPICES;;0.1495
NETHERLANDS;;0.3125
NETHERLANDS;NLZ1;0.0088
NETHERLANDS ANT;;0.1185
NETHERLANDS ANT GSM;;0.1085
NETHERLANDS ANT SAINT MARTIN;;0.1137
NETHERLANDS GSM;;0.225
NETHERLANDS GSM;NLZ1;0.0073
NETHERLANDS GSM KPN;;0.225
NETHERLANDS GSM KPN;NLZ1;0.0073
NETHERLANDS GSM LYCAMOBILE;;0.225
NETHERLANDS GSM LYCAMOBILE;NLZ1;0.0073
NETHERLANDS GSM TELF;;0.225
NETHERLANDS GSM TELF;NLZ1;0.0073
NETHERLANDS GSM TL2;;0.225
NETHERLANDS GSM TL2;NLZ1;0.0073
NETHERLANDS GSM TMOB;;0.225
NETHERLANDS GSM TMOB;NLZ1;0.0073
NETHERLANDS GSM VODA;;0.225
NETHERLANDS GSM VODA;NLZ1;0.0073
NEW CALEDONIA;;0.1875
NEW CALEDONIA GSM;;0.1875
NEW ZEALAND;;0.0084
NEW ZEALAND GSM;;0.0334
NEW ZEALAND GSM VODA;;0.0301
NICARAGUA;;0.1063
NICARAGUA GSM;;0.2237
NIGER;;0.1895
NIGER GSM;;0.2689
NIGER GSM AIRTEL;;0.2713
NIGER GSM ORANGE;;0.175
NIGERIA;;0.086
NIGERIA GSM;;0.075
NIGERIA GSM AIRTEL;;0.075
NIGERIA GSM GLOBACOM;;0.075
NIGERIA GSM MTN;;0.0869
NIGERIA GSM NITEL;;0.0864
NIUE;;1.25
NORTH KOREA;;0.344
NORTHERN MARIANA ISLAND;;0.0563
NORTHERN MARIANA ISLANDS GSM;;0.0563
NORWAY;;0.004
NORWAY GSM;;0.0075
NORWAY GSM NETCOM;;0.0075
NORWAY GSM TELENOR;;0.0075
NORWAY PRS;;0.1004
OMAN;;0.0888
OMAN GSM;;0.2612
ONAIR GSM AIRCRAFT;;0.6813
PAKISTAN;;0.0413
PAKISTAN GSM;;0.0351
PAKISTAN GSM MOBLINK;;0.0357
PAKISTAN GSM TELENOR;;0.0324
PAKISTAN GSM UFONE;;0.0362
PAKISTAN GSM WARID;;0.034
PAKISTAN GSM ZONG;;0.0373
PALAU;;2.5
PALESTINE;;0.135
PALESTINE GSM;;0.1561
PANAMA;;0.011
PANAMA GSM;;0.0879
PAPUA NEW GUINEA;;1.25
PAPUA NEW GUINEA GSM;;1.25
PARAGUAY;;0.022
PARAGUAY ASUNCION;;0.0212
PARAGUAY GSM;;0.0352
PERU;;0.0038
PERU GSM;;0.0131
PERU GSM MOVISTAR;;0.0131
PERU LIMA;;0.0027
PERU RURAL;;0.0123
PHILIPPINES;;0.0809
PHILIPPINES GSM;;0.1461
PHILIPPINES GSM GLOB;;0.0995
PHILIPPINES GSM SMAR;;0.0973
POLAND;;0.0077
POLAND GSM;;0.0399
POLAND GSM ERA;;0.1205
POLAND GSM ERA;PLZ1;0.014
POLAND GSM ORANGE;;0.0943
POLAND GSM ORANGE;PLZ1;0.014
POLAND GSM PLUS;;0.0934
POLAND GSM PLUS;PLZ1;0.014
POLAND GSM PM4;;0.0906
POLAND GSM PM4;PLZ1;0.014
POLAND OLO;;0.0116
POLAND PRS;;0.0084
PORTUGAL;;0.0193
PORTUGAL;EED;0.001
PORTUGAL GSM MEO;;0.0788
PORTUGAL GSM MEO;CH2;0.0788
PORTUGAL GSM MEO;CH3;0.0788
PORTUGAL GSM MEO;EEA;0.0094
PORTUGAL GSM NOS;;0.0788
PORTUGAL GSM NOS;EEA;0.0094
PORTUGAL GSM VODAFONE;;0.0788
PORTUGAL GSM VODAFONE;AO1;0.1313
PORTUGAL GSM VODAFONE;EEA;0.0094
PORTUGAL GSM VODAFONE;GWN;0.4438
PORTUGAL GSM VODAFONE;MZ1;0.302
PUERTO RICO;;0.0058
PUERTO RICO GSM;;0.0048
QATAR;;0.1625
QATAR GSM;;0.1455
QATAR GSM VODAFONE;;0.1455
REUNION;;0.0048
REUNION;EEA;0.0023
REUNION GSM ORANGE;;0.07
REUNION GSM ORANGE;EEA;0.0105
REUNION GSM OTM;;0.07
REUNION GSM OTM;EEA;0.0105
REUNION GSM SRR;;0.07
REUNION GSM SRR;EEA;0.0105
REUNION SRR;;0.004
REUNION SRR;EEA;0.0023
ROMANIA;;0.0036
ROMANIA ASTRAL;;0.0036
ROMANIA BUCHAREST;;0.0021
ROMANIA GSM;;0.012
ROMANIA GSM COSMOROM;;0.012
ROMANIA GSM ORANGE;;0.012
ROMANIA GSM TELEMOBIL;;0.012
ROMANIA GSM VODAFONE;;0.012
RUSSIA ABKHAZIA;;0.2094
RUSSIA GSM;;0.2061
RUSSIA GSM BEELINE;;0.2063
RUSSIA GSM MEGAFON;;0.1813
RUSSIA GSM MTS;;0.1288
RUSSIA MOSCOW;;0.0109
RUSSIA PRS;;2.5
RUSSIA ST PETERSBURG;;0.0085
RUSSIA ZONE 1;;0.0166
RUSSIA ZONE 2;;0.0188
RUSSIA ZONE 3;;0.0226
RUSSIA ZONE 4;;0.0266
RUSSIA ZONE 5;;0.0525
RWANDA;;0.3013
RWANDA GSM;;0.2375
RWANDA GSM MTN;;0.2453
SAMOA;;1.25
SAN MARINO;;0.0126
SAN MARINO GSM;;0.1739
SAN MARINO PRS;;2.5
SAO TOME;;0.9688
SAT INMARSAT A;;6.25
SAT INMARSAT B;;1.463
SAT INMARSAT BGAN HSD;;6.1634
SAT INMARSAT BGAN ISDN;;4.6249
SAT INMARSAT BGAN LSV;;2.6415
SAT INMARSAT GAN FLEET HSD;;5.4737
SAT INMARSAT M;;1.2721
SAT INMARSAT MINI M;;0.9963
SAT OTHERS;;10
SAUDI ARAB GSM MOBIL;;0.1476
SAUDI ARAB GSM ZAIN;;0.0938
SAUDI ARABIA;;0.07
SAUDI ARABIA GSM;;0.125
SAUDI ARABIA GSM STC;;0.1094
SAUDI ARABIA GSM VIRGIN;;0.0982
SEANET MARITIME;;5.6364
SENEGAL;;0.1975
SENEGAL EXPRESSO;;0.3439
SENEGAL GSM EXPRESSO;;0.3313
SENEGAL GSM ORANGE;;0.3165
SENEGAL GSM TIGO;;0.3561
SERBIA;;0.133
SERBIA GSM;;0.3501
SERBIA GSM MTS;;0.2812
SERBIA GSM TELENOR;;0.3008
SEYCHELLES;;0.5756
SEYCHELLES GSM;;0.5756
SIERRA LEONE;;0.5333
SIERRA LEONE GSM;;0.3637
SINGAPORE;;0.0088
SINGAPORE GSM;;0.0055
SLOVAKIA;;0.0033
SLOVAKIA GSM;;0.0285
SLOVAKIA GSM EUROTEL;;0.0264
SLOVAKIA GSM ORANGE;;0.0264
SLOVENIA;;0.1543
SLOVENIA;PLZ1;0.0088
SLOVENIA GSM;;0.3787
SLOVENIA GSM;PLZ1;0.025
SLOVENIA GSM IPKO;;0.3787
SLOVENIA GSM IPKO;PLZ1;0.025
SLOVENIA GSM MOBITEL;;0.3787
SLOVENIA GSM MOBITEL;PLZ1;0.025
SLOVENIA GSM SIMOBIL;;0.3787
SLOVENIA GSM SIMOBIL;PLZ1;0.025
SLOVENIA PRS;;2.5
SOLOMON ISLANDS;;1.25
SOMALIA;;0.475
SOMALIA GSM;;0.3126
SOUTH AFRICA;;0.0816
SOUTH AFRICA GSM;;0.0816
SOUTH AFRICA GSM MTN;;0.1119
SOUTH AFRICA GSM TELKOM;;0.1625
SOUTH AFRICA GSM VO;;0.1337
SOUTH AFRICA PRS;;0.1308
SOUTH KOREA;;0.0039
SOUTH KOREA GSM;;0.0103
SOUTH OSSETIA;;0.2015
SOUTH SUDAN;;0.3068
SPAIN;;0.0022
SPAIN GSM;;0.1
SPAIN GSM;ESM1;0.0088
SPAIN GSM;ESM2;0.0338
SPAIN GSM LYCAMOBILE;;0.1
SPAIN GSM LYCAMOBILE;ESM1;0.0088
SPAIN GSM LYCAMOBILE;ESM2;0.0338
SPAIN GSM M2M;;0.0975
SPAIN GSM ORANGE;;0.1
SPAIN GSM ORANGE;ESM1;0.0088
SPAIN GSM ORANGE;ESM2;0.0338
SPAIN GSM TELEFONICA;;0.1
SPAIN GSM TELEFONICA;ESM1;0.0088
SPAIN GSM TELEFONICA;ESM2;0.0338
SPAIN GSM VODAFONE;;0.1625
SPAIN GSM VODAFONE;ESV1;0.0088
SPAIN GSM VODAFONE;ESV2;0.0338
SPAIN GSM VODAFONE;ESV3;0.1
SPAIN GSM YOIGO;;0.1
SPAIN GSM YOIGO;ESM1;0.0088
SPAIN GSM YOIGO;ESM2;0.0338
SPAIN PRS;;0.5
SRI LANKA;;0.1324
SRI LANKA GSM;;0.1513
SRI LANKA GSM AIRTEL;;0.1513
SRI LANKA GSM ETISALAT;;0.1513
SRI LANKA GSM MOBITEL;;0.1513
SRI LANKA GSM MTN;;0.1513
ST HELENA;;2.5
ST KITTS NEVIS;;0.1641
ST LUCIA;;0.205
ST PIERRE;;0.1293
ST PIERRE GSM;;0.2042
ST VINCENT;;0.1667
SUDAN;;0.1201
SUDAN GSM;;0.1375
SUDAN GSM MOBITEL;;0.1175
SUDAN GSM MTN;;0.1392
SUDAN GSM SUDATEL;;0.1199
SURINAME;;0.25
SURINAME GSM;;0.375
SWAZILAND;;0.0851
SWAZILAND GSM;;0.2
SWEDEN;;0.0018
SWEDEN GSM;;0.0088
SWEDEN GSM COMVIQ;;0.0088
SWEDEN GSM HI3G;;0.0088
SWEDEN GSM TELENOR;;0.0088
SWEDEN GSM TELIA;;0.0088
SWEDEN PRS;;0.0018
SWITZERLAND;;0.0075
SWITZERLAND GSM;;0.2563
SWITZERLAND GSM;AT1;0.75
SWITZERLAND GSM;BALT;0.75
SWITZERLAND GSM;CZ1;0.75
SWITZERLAND GSM;EAST;0.75
SWITZERLAND GSM;ES1;0.75
SWITZERLAND GSM;FR1;0.75
SWITZERLAND GSM;GR1;0.75
SWITZERLAND GSM;HU1;0.75
SWITZERLAND GSM;IT1;0.75
SWITZERLAND GSM;MAG;0.75
SWITZERLAND GSM;NOCL;0.75
SWITZERLAND GSM;PL1;0.75
SWITZERLAND GSM;PT1;0.75
SWITZERLAND GSM CABLECOM;;0.3771
SWITZERLAND GSM LYCATEL;;0.0551
SWITZERLAND GSM ORA;;0.0429
SWITZERLAND GSM ORA;AT1;0.0416
SWITZERLAND GSM ORA;BALT;0.3181
SWITZERLAND GSM ORA;CZ1;0.3181
SWITZERLAND GSM ORA;EAST;0.3181
SWITZERLAND GSM ORA;ES1;0.0416
SWITZERLAND GSM ORA;FR1;0.0881
SWITZERLAND GSM ORA;GR1;0.2476
SWITZERLAND GSM ORA;HU1;0.1099
SWITZERLAND GSM ORA;IT1;0.0988
SWITZERLAND GSM ORA;MAG;0.3181
SWITZERLAND GSM ORA;NOCL;0.371
SWITZERLAND GSM ORA;PL1;0.184
SWITZERLAND GSM ORA;PT1;0.1416
SWITZERLAND GSM ORA;TRZ1;0.1039
SWITZERLAND GSM SUN;;0.0416
SWITZERLAND GSM SUN;BALT;0.343
SWITZERLAND GSM SUN;CZ1;0.371
SWITZERLAND GSM SUN;EAST;0.3499
SWITZERLAND GSM SUN;ES1;0.0416
SWITZERLAND GSM SUN;FR1;0.0419
SWITZERLAND GSM SUN;GR1;0.3748
SWITZERLAND GSM SUN;HU1;0.1411
SWITZERLAND GSM SUN;IT1;0.12
SWITZERLAND GSM SUN;MAG;0.3181
SWITZERLAND GSM SUN;NOCL;0.3748
SWITZERLAND GSM SUN;PL1;0.1486
SWITZERLAND GSM SUN;PT1;0.0458
SWITZERLAND GSM SUN;TRZ1;0.1039
SWITZERLAND GSM SWIS;;0.0313
SWITZERLAND GSM SWIS;AT1;0.0416
SWITZERLAND GSM SWIS;BALT;0.316
SWITZERLAND GSM SWIS;CZ1;0.0739
SWITZERLAND GSM SWIS;EAST;0.316
SWITZERLAND GSM SWIS;FR1;0.0743
SWITZERLAND GSM SWIS;GR1;0.0743
SWITZERLAND GSM SWIS;HU1;0.0739
SWITZERLAND GSM SWIS;IT1;0.0739
SWITZERLAND GSM SWIS;MAG;0.316
SWITZERLAND GSM SWIS;NOCL;0.316
SWITZERLAND GSM SWIS;PL1;0.1163
SWITZERLAND GSM SWIS;PT1;0.0315
SWITZERLAND GSM SWIS;TRZ1;0.1166
SWITZERLAND PRS;;0.015
SYRIA;;0.225
SYRIA GSM;;0.225
T-SYS INTERNATIONAL;;0.025
TAIWAN;;0.0109
TAIWAN GSM;;0.0759
TAJIKISTAN;;0.1293
TAJIKISTAN GSM;;0.1486
TANZANIA;;0.2686
TANZANIA GSM;;0.2763
TANZANIA GSM AIRTEL;;0.2583
TANZANIA GSM VODACOM;;0.2763
TELENOR CONNEXION;;2.5
THAILAND;;0.0076
THAILAND GSM;;0.0271
THAILAND GSM DTAC;;0.0271
THURAYA;;1.3113
TOGO;;0.2425
TOGO GSM;;0.2258
TOGO GSM MOOV;;0.31
TOKELAU;;1.25
TONGA;;1.25
TONGA GSM;;1.25
TRINIDAD & TOBAGO;;0.197
TRINIDAD GSM DIGICEL;;0.197
TRINIDAD-TOBAGO GSM;;0.197
TUNISIA;;0.6038
TUNISIA GSM LYCAMOBILE;;0.61
TUNISIA GSM OOREDOO;;0.6098
TUNISIA GSM ORANGE;;0.7062
TUNISIA GSM TUNTEL;;0.6038
TUNISIA ORANGE;;0.7125
TUNISIA PRS;;2.5
TURKEY;;0.0294
TURKEY CITIES;;0.0244
TURKEY GSM;;0.1313
TURKEY GSM TURKCELL;;0.1625
TURKEY GSM VODAFONE;;0.1244
TURKEY PRS;;2.5
TURKMENISTAN;;0.0971
TURKS & CAICOS;;0.1991
TURKS & CAICOS GSM;;0.2029
TUVALU;;1.25
UGANDA;;0.2717
UGANDA GSM AIRTEL;;0.2583
UGANDA GSM MTN;;0.2085
UGANDA GSM OTHERS;;0.2608
UK;;0.0013
UK FREEPHONE;;0.0029
UK GSM;;0.1899
UK GSM ALTERNATIVE NETWORK;;0.16
UK GSM HI3G;;0.0071
UK GSM O2;;0.0071
UK GSM ORANGE;;0.0071
UK GSM TMOBILE;;0.0071
UK GSM VODAFONE;;0.0071
UK LOCAL CALL;;0.0938
UK LOCAL CALL PLUS;;0.1124
UK NATIONAL CALL;;0.1686
UK NATIONAL CALL PLUS;;0.1686
UK O3;;0.0125
UK PRS;;0.2249
UKRAINE;;0.1063
UKRAINE CITIES;;0.1093
UKRAINE GSM;;0.1788
UKRAINE GSM ASTELIT;;0.185
UKRAINE GSM KIEVSTAR;;0.174
UKRAINE GSM UMC;;0.185
UNITED ARAB EMIR;;0.1388
UNITED ARAB EMIR GSM;;0.1388
UNITED ARAB EMIR GSM DU;;0.1388
URUGUAY;;0.0375
URUGUAY GSM;;0.1202
USA;;0.0024
USA ALASKA;;0.0375
USA FREE PHONE;;0.0063
USA HAWAII;;0.0375
USA OLO;;0.0063
UZBEKISTAN;;0.0868
UZBEKISTAN GSM;;0.0838
VANUATU;;1.25
VENEZUELA;;0.0133
VENEZUELA CARACAS;;0.0107
VENEZUELA GSM;;0.0739
VENEZUELA GSM DIGI;;0.065
VENEZUELA GSM MOVILNET;;0.0291
VENEZUELA GSM TELCEL;;0.0691
VENEZUELA OTHER CITIES;;0.0133
VIETNAM;;0.0531
VIETNAM CITIES;;0.0581
VIETNAM GSM;;0.0605
VIETNAM GSM VIETTEL;;0.0605
VIRGIN ISLANDS UK;;0.15
VIRGIN ISLANDS USA;;0.125
WALLIS & FUTUNA;;0.2375
YEMEN;;0.1188
YEMEN GSM;;0.1319
YEMEN GSM MTN;;0.1163
ZAMBIA;;0.313
ZAMBIA GSM;;0.3155
ZAMBIA GSM AIRTEL;;0.3726
ZAMBIA GSM MTN;;0.4045
ZIMBABWE;;0.1713
ZIMBABWE GSM ECONET;;0.4004
ZIMBABWE GSM NETONE;;0.2225
ZIMBABWE GSM TELECEL;;0.3006
